"КЦ-5,6","ПЭБ КЦ-5"
"КЦ-5,6","ПЭБ КЦ-6"
"КЦ-5,6","КНС КЦ-5"
"КЦ-5,6","УНС КЦ-5"
"КЦ-5,6","Слесарная мастерская КЦ-5"
"КЦ-5,6","БПМ №2"
"КЦ-5,6","БПМ №3"
"КЦ-5,6","Склад ГСМ КЦ-5"
"КЦ-5,6","Маслохозяйство КЦ-6"
"КЦ-5,6","Блок пылеуловителей КЦ-5"
"КЦ-5,6","Блок пылеуловителей КЦ-6"
"КЦ-5,6","Буферная (подземная) ёмкость КЦ-5"
"КЦ-5,6","Буферная (подземная) ёмкость КЦ-6"
"КЦ-5,6","Надземная ёмкость КЦ-5"
"КЦ-5,6","Надземная ёмкость КЦ-6"
"КЦ-5,6","БПТПГ КЦ-5"
"КЦ-5,6","БПТПГ КЦ-6"
"КЦ-5,6","БЭС-630 КЦ-5"
"КЦ-5,6","ЭД-500 КЦ-6"
"КЦ-5,6","ЗХРД КЦ-5"
"КЦ-5,6","Сварпост КЦ-5"
"КЦ-5,6","ГПА 52"
"КЦ-5,6","ГПА 53"
"КЦ-5,6","ГПА 54"
"КЦ-5,6","ГПА 55"
"КЦ-5,6","ГПА 61"
"КЦ-5,6","ГПА 62"
"КЦ-5,6","ГПА 63"
"КЦ-5,6","ГПА 64"
"КЦ-5,6","ГПА 65"
"КЦ-5,6","Крановый узел №36 КЦ-5"
"КЦ-5,6","Крановый узел №36 КЦ-6"
"КЦ-5,6","Крановый узел №71 КЦ-5"
"КЦ-5,6","Крановый узел №81 КЦ-5"
"КЦ-5,6","АВО газа КЦ-5"
"КЦ-5,6","АВО газа КЦ-6"
"КЦ-5,6","Крановый узел №37 КЦ-5"
"КЦ-5,6","Крановый узел №37 КЦ-6"
"КЦ-5,6","Крановый узел №38 КЦ-5"
"КЦ-5,6","Крановый узел №38 КЦ-6"
"КЦ-5,6","Пожарные проезды КЦ-5"
"КЦ-5,6","Пожарные проезды КЦ-6"
"КЦ-5,6","Система тепловодоснабжения КЦ-5"
"КЦ-5,6","Система тепловодоснабжения КЦ-6"
"КЦ-5,6","Узел подключения КЦ-5"
"КЦ-5,6","Узел подключения КЦ-6"
"КЦ-5,6","СОК КЦ-5"
"КЦ-5,6","СОК КЦ-6"
"КЦ-5,6","ЮОК КЦ-5"
"КЦ-5,6","ЮОК КЦ-6"
"КЦ-5,6","Северная перемычка КЦ-5,6"
"КЦ-5,6","Северная перемычка КЦ-6,7"
"КЦ-5,6","Южная перемычка КЦ-5,6"
"КЦ-5,6","Южная перемычка КЦ-6,7"
"КЦ-5,6","Ёмкость сбора ветоши КЦ-5"
"КЦ-5,6","Ёмкость сбора ветоши КЦ-6"
"КЦ-5,6","Площадка сбора бытовых отходов КЦ-5"
"КЦ-5,6","Документация КЦ КЦ-5,6"
"КЦ-5,6","Ограждение территории КЦ-5"
"КЦ-5,6","Ограждение территории КЦ-6"
"КЦ-1,4","ПЭБ КЦ-1"
"КЦ-1,4","ПЭБ КЦ-4"
"КЦ-1,4","Склад ГСМ КЦ-1"
"КЦ-1,4","Блок фильтр-сепараторов КЦ-1"
"КЦ-1,4","Блок скрубберов КЦ-1"
"КЦ-1,4","Блок пылеуловителей КЦ-4"
"КЦ-1,4","Буферная (подземная) ёмкость КЦ-1"
"КЦ-1,4","Буферная (подземная) ёмкость КЦ-4"
"КЦ-1,4","Надземная ёмкость КЦ-1"
"КЦ-1,4","Надземная ёмкость КЦ-4"
"КЦ-1,4","БПТПГ КЦ-1"
"КЦ-1,4","БПТПГ КЦ-4"
"КЦ-1,4","АДЭС КЦ-1"
"КЦ-1,4","АДЭС КЦ-4"
"КЦ-1,4","РММ КЦ-1"
"КЦ-1,4","Сварпост КЦ-4"
"КЦ-1,4","ГПА 11"
"КЦ-1,4","ГПА 12"
"КЦ-1,4","ГПА 13"
"КЦ-1,4","ГПА 41"
"КЦ-1,4","ГПА 42"
"КЦ-1,4","ГПА 43"
"КЦ-1,4","ГПА 44"
"КЦ-1,4","ГПА 45"
"КЦ-1,4","Крановый узел №36 КЦ-1"
"КЦ-1,4","Крановый узел №36 КЦ-4"
"КЦ-1,4","Крановый узел №71 КЦ-1"
"КЦ-1,4","Крановый узел №81 КЦ-1"
"КЦ-1,4","АВО газа КЦ-1"
"КЦ-1,4","АВО газа КЦ-4"
"КЦ-1,4","Крановый узел №37 КЦ-1"
"КЦ-1,4","Крановый узел №37 КЦ-4"
"КЦ-1,4","Крановый узел №38 КЦ-1"
"КЦ-1,4","Крановый узел №38 КЦ-4"
"КЦ-1,4","Пожарные проезды КЦ-1"
"КЦ-1,4","Пожарные проезды КЦ-4"
"КЦ-1,4","Система тепловодоснабжения КЦ-1"
"КЦ-1,4","Система тепловодоснабжения КЦ-4"
"КЦ-1,4","Узел подключения КЦ-1"
"КЦ-1,4","Узел подключения КЦ-4"
"КЦ-1,4","СОК КЦ-1"
"КЦ-1,4","СОК КЦ-4"
"КЦ-1,4","ЮОК КЦ-1"
"КЦ-1,4","ЮОК КЦ-4"
"КЦ-1,4","Северная перемычка КЦ-4,5"
"КЦ-1,4","Южная перемычка КЦ-4,5"
"КЦ-1,4","Ёмкость сбора ветоши КЦ-1"
"КЦ-1,4","Ёмкость сбора ветоши КЦ-4"
"КЦ-1,4","Площадка сбора бытовых отходов КЦ-1"
"КЦ-1,4","Документация КЦ-1,4"
"КЦ-1,4","Ограждение территории КЦ-1"
"КЦ-1,4","Ограждение территории КЦ-4"
"КЦ-2,3","ПЭБ КЦ-2"
"КЦ-2,3","ПЭБ КЦ-3"
"КЦ-2,3","Блок пылеуловителей КЦ-2"
"КЦ-2,3","Блок пылеуловителей КЦ-3"
"КЦ-2,3","Буферная (подземная) ёмкость КЦ-2"
"КЦ-2,3","Буферная (подземная) ёмкость КЦ-3"
"КЦ-2,3","Надземная ёмкость КЦ-2"
"КЦ-2,3","Надземная ёмкость КЦ-3"
"КЦ-2,3","БПТПГ КЦ-2"
"КЦ-2,3","БПТПГ КЦ-3"
"КЦ-2,3","АДЭС КЦ-2"
"КЦ-2,3","АДЭС КЦ-3"
"КЦ-2,3","ГПА 21"
"КЦ-2,3","ГПА 22"
"КЦ-2,3","ГПА 23"
"КЦ-2,3","ГПА 24"
"КЦ-2,3","ГПА 25"
"КЦ-2,3","ГПА 26"
"КЦ-2,3","ГПА 27"
"КЦ-2,3","ГПА 31"
"КЦ-2,3","ГПА 32"
"КЦ-2,3","ГПА 33"
"КЦ-2,3","ГПА 34"
"КЦ-2,3","ГПА 35"
"КЦ-2,3","ГПА 36"
"КЦ-2,3","ГПА 37"
"КЦ-2,3","Крановый узел №36 КЦ-2"
"КЦ-2,3","Крановый узел №36 КЦ-3"
"КЦ-2,3","Крановый узел №71 КЦ-2"
"КЦ-2,3","Крановый узел №81 КЦ-2"
"КЦ-2,3","АВО газа КЦ-2"
"КЦ-2,3","АВО газа КЦ-3"
"КЦ-2,3","Крановый узел №37 КЦ-2"
"КЦ-2,3","Крановый узел №37 КЦ-3"
"КЦ-2,3","Крановый узел №38 КЦ-2"
"КЦ-2,3","Крановый узел №38 КЦ-3"
"КЦ-2,3","Пожарные проезды КЦ-2"
"КЦ-2,3","Пожарные проезды КЦ-3"
"КЦ-2,3","Система тепловодоснабжения КЦ-2"
"КЦ-2,3","Система тепловодоснабжения КЦ-3"
"КЦ-2,3","Узел подключения КЦ-2"
"КЦ-2,3","Узел подключения КЦ-3"
"КЦ-2,3","СОК КЦ-2"
"КЦ-2,3","СОК КЦ-3"
"КЦ-2,3","ЮОК КЦ-2"
"КЦ-2,3","ЮОК КЦ-3"
"КЦ-2,3","Северная перемычка КЦ-2,3"
"КЦ-2,3","Северная перемычка КЦ-3,4"
"КЦ-2,3","Южная перемычка КЦ-2,3"
"КЦ-2,3","Южная перемычка КЦ-3,4"
"КЦ-2,3","Ёмкость сбора ветоши КЦ-2"
"КЦ-2,3","Ёмкость сбора ветоши КЦ-3"
"КЦ-2,3","Площадка сбора бытовых отходов КЦ-2"
"КЦ-2,3","Документация КЦ-2,3"
"КЦ-2,3","Ограждение территории КЦ-2"
"КЦ-2,3","Ограждение территории КЦ-3"
"КЦ-7,8","ПЭБ КЦ-7,8"
"КЦ-7,8","Блок пылеуловителей КЦ-7"
"КЦ-7,8","Блок пылеуловителей КЦ-8"
"КЦ-7,8","Буферная (подземная) ёмкость КЦ-7"
"КЦ-7,8","Буферная (подземная) ёмкость КЦ-8"
"КЦ-7,8","Надземная ёмкость КЦ-7"
"КЦ-7,8","Надземная ёмкость КЦ-8"
"КЦ-7,8","БПТПГ КЦ-7"
"КЦ-7,8","БПТПГ КЦ-8"
"КЦ-7,8","АДЭС КЦ-7"
"КЦ-7,8","АДЭС КЦ-8"
"КЦ-7,8","ГПА 71"
"КЦ-7,8","ГПА 72"
"КЦ-7,8","ГПА 73"
"КЦ-7,8","ГПА 74"
"КЦ-7,8","ГПА 81"
"КЦ-7,8","ГПА 82"
"КЦ-7,8","ГПА 83"
"КЦ-7,8","ГПА 84"
"КЦ-7,8","Крановый узел №36 КЦ-7"
"КЦ-7,8","Крановый узел №36 КЦ-8"
"КЦ-7,8","Крановый узел №71 КЦ-7"
"КЦ-7,8","Крановый узел №81 КЦ-7"
"КЦ-7,8","АВО газа КЦ-7"
"КЦ-7,8","АВО газа КЦ-8"
"КЦ-7,8","Крановый узел №37 КЦ-7"
"КЦ-7,8","Крановый узел №37 КЦ-8"
"КЦ-7,8","Крановый узел №38 КЦ-7"
"КЦ-7,8","Крановый узел №38 КЦ-8"
"КЦ-7,8","Пожарные проезды КЦ-7"
"КЦ-7,8","Пожарные проезды КЦ-8"
"КЦ-7,8","Система тепловодоснабжения КЦ-7"
"КЦ-7,8","Система тепловодоснабжения КЦ-8"
"КЦ-7,8","Узел подключения КЦ-7"
"КЦ-7,8","Узел подключения КЦ-8"
"КЦ-7,8","СОК КЦ-7"
"КЦ-7,8","СОК КЦ-8"
"КЦ-7,8","ЮОК КЦ-7"
"КЦ-7,8","ЮОК КЦ-8"
"КЦ-7,8","Северная перемычка КЦ-7,8"
"КЦ-7,8","Северная перемычка КЦ-8,9"
"КЦ-7,8","Южная перемычка КЦ-7,8"
"КЦ-7,8","Южная перемычка КЦ-8,9"
"КЦ-7,8","Ёмкость сбора ветоши КЦ-7,8"
"КЦ-7,8","Площадка сбора бытовых отходов КЦ-7,8"
"КЦ-7,8","Документация КЦ-7,8"
"КЦ-7,8","Ограждение территории КЦ-7"
"КЦ-7,8","Ограждение территории КЦ-8"
"КЦ-9,10","ПЭБ КЦ-9,10"
"КЦ-9,10","Блок пылеуловителей КЦ-9"
"КЦ-9,10","Блок пылеуловителей КЦ-10"
"КЦ-9,10","Буферная (подземная) ёмкость КЦ-9"
"КЦ-9,10","Буферная (подземная) ёмкость КЦ-10"
"КЦ-9,10","Надземная ёмкость КЦ-9"
"КЦ-9,10","Надземная ёмкость КЦ-10"
"КЦ-9,10","БПТПГ КЦ-9"
"КЦ-9,10","БПТПГ КЦ-10"
"КЦ-9,10","АДЭС КЦ-9"
"КЦ-9,10","АДЭС КЦ-10"
"КЦ-9,10","ГПА 91"
"КЦ-9,10","ГПА 92"
"КЦ-9,10","ГПА 93"
"КЦ-9,10","ГПА 94"
"КЦ-9,10","ГПА 101"
"КЦ-9,10","ГПА 102"
"КЦ-9,10","ГПА 103"
"КЦ-9,10","ГПА 104"
"КЦ-9,10","Крановый узел №36 КЦ-9"
"КЦ-9,10","Крановый узел №36 КЦ-10"
"КЦ-9,10","Крановый узел №71 КЦ-9"
"КЦ-9,10","Крановый узел №81 КЦ-9"
"КЦ-9,10","АВО газа КЦ-9"
"КЦ-9,10","АВО газа КЦ-10"
"КЦ-9,10","Крановый узел №37 КЦ-9"
"КЦ-9,10","Крановый узел №37 КЦ-10"
"КЦ-9,10","Крановый узел №38 КЦ-9"
"КЦ-9,10","Крановый узел №38 КЦ-10"
"КЦ-9,10","Пожарные проезды КЦ-9"
"КЦ-9,10","Пожарные проезды КЦ-10"
"КЦ-9,10","Система тепловодоснабжения КЦ-9"
"КЦ-9,10","Система тепловодоснабжения КЦ-10"
"КЦ-9,10","Узел подключения КЦ-9"
"КЦ-9,10","Узел подключения КЦ-10"
"КЦ-9,10","СОК КЦ-9"
"КЦ-9,10","СОК КЦ-10"
"КЦ-9,10","ЮОК КЦ-9"
"КЦ-9,10","ЮОК КЦ-10"
"КЦ-9,10","Северная внешняя перемычка КЦ-9,10"
"КЦ-9,10","Северная внутренняя перемычка КЦ-9,10"
"КЦ-9,10","Южная внешняя перемычка КЦ-9,10"
"КЦ-9,10","Южная внутренняя перемычка КЦ-9,10"
"КЦ-9,10","Ёмкость сбора ветоши КЦ-9,10"
"КЦ-9,10","Площадка сбора бытовых отходов КЦ-9,10"
"КЦ-9,10","Документация КЦ-9,10"
"КЦ-9,10","Ограждение территории КЦ-9"
"КЦ-9,10","Ограждение территории КЦ-10"
